TRAINNO,TRAINNAME,SOURCESTATION ,DESTINATIONSTATION,DEPATURETIME,ARRIVALTIME,FASTORSLOW,ACORNONAC,LADIESSPECIAL,HALTSAT
96402,KASARA_CSMT,KASARA,CSMT,8:51,11:22,SLOW,NONAC,,
96404,KASARA_CSMT,KASARA,CSMT,9:59,12:38,SLOW,NONAC,LADIESSPECIAL,
95402,KASARA_CSMT,KASARA,CSMT,10:10,12:25,FAST,NONAC,,
95404,KASARA_CSMT,KASARA,CSMT,10:57,13:18,SLOW,AC,,
95406,KASARA_CSMT,KASARA,CSMT,11:22,13:40,SLOW,NONAC,,
95408,KASARA_CSMT,KASARA,CSMT,12:18,14:49,SLOW,NONAC,LADIESSPECIAL,
95410,KASARA_CSMT,KASARA,CSMT,13:17,15:46,SLOW,AC,,
95412,KASARA_CSMT,KASARA,CSMT,14:10,16:08,FAST,NONAC,,
95414,KASARA_CSMT,KASARA,CSMT,15:21,17:40,SLOW,NONAC,,
95416,KASARA_CSMT,KASARA,CSMT,16:41,18:00,SLOW,NONAC,LADIESSPECIAL,
