TRAINNO,TRAINNAME,SOURCESTATION ,DESTINATIONSTATION,DEPARTURETIME,ARRIVALTIME,FASTORSLOW,ACORNONAC,LADIESSPECIAL
98004,PANVEL_CSMT,PANVEL,CSMT,08:03,09:22,SLOW,NONAC,
98006,PANVEL_CSMT,PANVEL,CSMT,08:27,09:47,SLOW,NONAC,
99002,PANVEL_JUINAGAR,PANVEL,JUINAGAR,08:33,09:00,FAST,NONAC,
98008,PANVEL_CSMT,PANVEL,CSMT,08:49,09:08,SLOW,AC,
99004,PANVEL_JUINAGAR,PANVEL,JUINAGAR,08:53,09:20,SLOW,NONAC,
98010,PANVEL_CSMT,PANVEL,CSMT,09:05,10:00,FAST,NONAC,LADIESSPECIAL
98012,PANVEL_CSMT,PANVEL,CSMT,09:17,10:36,SLOW,AC,
99006,PANVEL_JUINAGAR,PANVEL,JUINAGAR,09:21,10:48,FAST,NONAC,
98014,PANVEL_CSMT,PANVEL,CSMT,09:31,10:50,SLOW,NONAC,
98016,PANVEL_CSMT,PANVEL,CSMT,09:41,10:59,SLOW,NONAC,LADIESSPECIAL
