TRAINNO,TRAINNAME,SOURCESTATION ,DESTINATIONSTATION,DEPARTURETIME,ARRIVALTIME,FASTORSLOW,ACORNONAC,LADIESSPECIAL
99002,PANVEL_THANE,PANVEL,THANE,09:33,10:25,FAST,NONAC,
99004,PANVEL_THANE,PANVEL,THANE,09:53,10:45,FAST,NONAC,
99006,PANVEL_THANE,PANVEL,THANE,10:21,11:13,SLOW,NONAC,
99008,PANVEL_THANE,PANVEL,THANE,10:44,11:38,FAST,AC,
99010,PANVEL_THANE,PANVEL,THANE,11:13,12:05,FAST,NONAC,
99012,PANVEL_THANE,PANVEL,THANE,11:37,12:29,FAST,NONAC,LADIESSPECIAL
99014,PANVEL_THANE,PANVEL,THANE,12:01,12:50,SLOW,AC,
99016,PANVEL_THANE,PANVEL,THANE,12:18,13:10,FAST ,AC,
99018,PANVEL_THANE,PANVEL,THANE,12:43,13:36,FAST,NONAC,
99020,PANVEL_THANE,PANVEL,THANE,13:04,13:47,SLOW,AC,LADIESSPECIAL
