TRAINNO,TRAINNAME,SOURCESTATION ,DESTINATIONSTATION,DEPATURETIME,ARRIVALTIME,FASTORSLOW,ACORNONAC,LADIESSPECIAL
93002,DAHANUROAD_CHURCHGATE,DAHANUROAD,CHURCHGATE,08:40,10:02,FAST,NONAC,
9084,DAHANUROAD_BORIVALI,DAHANUROAD,BORIVALI,08:55,10:40,FAST,AC,
9284,DAHANUROAD_VASAI,DAHANUROAD,VASAI,09:25,10:55,SLOW,NONAC,LADIESSPECIAL
93004,DAHANUROAD_ANDHERI,DAHANUROAD,ANDHERI,10:05,10:47,FAST,AC,
9024,DAHANUROAD_MUMBAICENTRAL,DAHANUROAD,MUMBAICENTRAL,10:31,01:15,FAST,NONAC,
93006,DAHANUROAD_CHURCHGATE,DAHANUROAD,CHURCHGATE,11:10,12:52,FAST,NONAC,LADIESSPECIAL
12922,DAHANUROAD_MUMBAICENTRAL,DAHANUROAD,MUMBAICENTRAL,11:46,13:50,SLOW,AC,
19002,DAHANUROAD_VIRAR,DAHANUROAD,VIRAR,12:31,14:10,FAST,AC,
93008,DAHANUROAD_BORIVALI,DAHANUROAD,BORIVALI,12:35,14:21,FAST,NONAC,
93010,DAHANUROAD_VIRAR,DAHANUROAD,VIRAR,13:37,14:47,SLOW,AC,LADIESSPECIAL
